,AUC_mean,AUC_std,F1_mean,Acc_mean,Acc_std
LogisticRegression,0.8810878300803674,0.005903034228706171,0.80995953015921,0.8206261510128913,0.009576427255985242
RandomForest,0.913702640642939,0.013829077472061298,0.8404169949697696,0.8489871086556169,0.015756353323173072
XGBoost,0.9093513203214696,0.004443726843380887,0.8332641657310237,0.8427255985267035,0.007512367607503211
